<?xml version="1.0" encoding="UTF-8"?>
<project-private xmlns="http://www.netbeans.org/ns/project-private/1">
    <editor-bookmarks xmlns="http://www.netbeans.org/ns/editor-bookmarks/2" lastBookmarkId="0"/>
    <open-files xmlns="http://www.netbeans.org/ns/projectui-open-files/2">
        <group name="NETBEANS JAVA">
            <file>file:/E:/Fernando%20Ajset/Documentos/MEGA/MEGAsync/PROGRAMACION/NETBEANS%20JAVA/JuegoTotito/src/VTotito.java</file>
            <file>file:/E:/Fernando%20Ajset/Documentos/MEGA/MEGAsync/PROGRAMACION/NETBEANS%20JAVA/JuegoTotito/src/Pila.java</file>
            <file>file:/E:/Fernando%20Ajset/Documentos/MEGA/MEGAsync/PROGRAMACION/NETBEANS%20JAVA/JuegoTotito/src/Lista.java</file>
        </group>
    </open-files>
</project-private>
