--------------------------------------------------------
-- Archivo creado  - domingo-noviembre-08-2020   
--------------------------------------------------------
--------------------------------------------------------
--  DDL for Sequence CLIENTES_SEQ
--------------------------------------------------------

   CREATE SEQUENCE  "UMG2020"."CLIENTES_SEQ"  MINVALUE 1 MAXVALUE 9999999999999999999999999999 INCREMENT BY 1 START WITH 21 CACHE 20 NOORDER  NOCYCLE ;
--------------------------------------------------------
--  DDL for Sequence CLIENTES_SEQ1
--------------------------------------------------------

   CREATE SEQUENCE  "UMG2020"."CLIENTES_SEQ1"  MINVALUE 1 MAXVALUE 9999999999999999999999999999 INCREMENT BY 1 START WITH 81 CACHE 20 NOORDER  NOCYCLE ;
--------------------------------------------------------
--  DDL for Sequence CONTRATO_SEQ
--------------------------------------------------------

   CREATE SEQUENCE  "UMG2020"."CONTRATO_SEQ"  MINVALUE 1 MAXVALUE 9999999999999999999999999999 INCREMENT BY 1 START WITH 1 CACHE 20 NOORDER  NOCYCLE ;
--------------------------------------------------------
--  DDL for Sequence CONTRATO_SEQ1
--------------------------------------------------------

   CREATE SEQUENCE  "UMG2020"."CONTRATO_SEQ1"  MINVALUE 1 MAXVALUE 9999999999999999999999999999 INCREMENT BY 1 START WITH 1 CACHE 20 NOORDER  NOCYCLE ;
--------------------------------------------------------
--  DDL for Sequence CONTRATO_SEQ2
--------------------------------------------------------

   CREATE SEQUENCE  "UMG2020"."CONTRATO_SEQ2"  MINVALUE 1 MAXVALUE 9999999999999999999999999999 INCREMENT BY 1 START WITH 1 CACHE 20 NOORDER  NOCYCLE ;
--------------------------------------------------------
--  DDL for Sequence CONTRATO_SEQ3
--------------------------------------------------------

   CREATE SEQUENCE  "UMG2020"."CONTRATO_SEQ3"  MINVALUE 1 MAXVALUE 9999999999999999999999999999 INCREMENT BY 1 START WITH 21 CACHE 20 NOORDER  NOCYCLE ;
--------------------------------------------------------
--  DDL for Sequence CONTRATO_SEQ4
--------------------------------------------------------

   CREATE SEQUENCE  "UMG2020"."CONTRATO_SEQ4"  MINVALUE 1 MAXVALUE 9999999999999999999999999999 INCREMENT BY 1 START WITH 41 CACHE 20 NOORDER  NOCYCLE ;
--------------------------------------------------------
--  DDL for Sequence CONTRATO_SEQ5
--------------------------------------------------------

   CREATE SEQUENCE  "UMG2020"."CONTRATO_SEQ5"  MINVALUE 1 MAXVALUE 9999999999999999999999999999 INCREMENT BY 1 START WITH 21 CACHE 20 NOORDER  NOCYCLE ;
--------------------------------------------------------
--  DDL for Sequence FACTURA_SEQ
--------------------------------------------------------

   CREATE SEQUENCE  "UMG2020"."FACTURA_SEQ"  MINVALUE 1 MAXVALUE 9999999999999999999999999999 INCREMENT BY 1 START WITH 1 CACHE 20 NOORDER  NOCYCLE ;
--------------------------------------------------------
--  DDL for Sequence FACTURA_SEQ1
--------------------------------------------------------

   CREATE SEQUENCE  "UMG2020"."FACTURA_SEQ1"  MINVALUE 1 MAXVALUE 9999999999999999999999999999 INCREMENT BY 1 START WITH 41 CACHE 20 NOORDER  NOCYCLE ;
--------------------------------------------------------
--  DDL for Sequence FACTURA_SEQ2
--------------------------------------------------------

   CREATE SEQUENCE  "UMG2020"."FACTURA_SEQ2"  MINVALUE 1 MAXVALUE 9999999999999999999999999999 INCREMENT BY 1 START WITH 41 CACHE 20 NOORDER  NOCYCLE ;
--------------------------------------------------------
--  DDL for Sequence FACTURA_SEQ3
--------------------------------------------------------

   CREATE SEQUENCE  "UMG2020"."FACTURA_SEQ3"  MINVALUE 1 MAXVALUE 9999999999999999999999999999 INCREMENT BY 1 START WITH 21 CACHE 20 NOORDER  NOCYCLE ;
--------------------------------------------------------
--  DDL for Sequence FECHASPAGO_SEQ
--------------------------------------------------------

   CREATE SEQUENCE  "UMG2020"."FECHASPAGO_SEQ"  MINVALUE 1 MAXVALUE 9999999999999999999999999999 INCREMENT BY 1 START WITH 21 CACHE 20 NOORDER  NOCYCLE ;
--------------------------------------------------------
--  DDL for Sequence PRODUCTO_SEQ
--------------------------------------------------------

   CREATE SEQUENCE  "UMG2020"."PRODUCTO_SEQ"  MINVALUE 1 MAXVALUE 9999999999999999999999999999 INCREMENT BY 1 START WITH 81 CACHE 20 NOORDER  NOCYCLE ;
--------------------------------------------------------
--  DDL for Table CLIENTES
--------------------------------------------------------

  CREATE TABLE "UMG2020"."CLIENTES" 
   (	"CCLIENTE" NUMBER, 
	"NCLIENTE" VARCHAR2(50 BYTE), 
	"ACLIENTE" VARCHAR2(50 BYTE), 
	"DCLIENTE" VARCHAR2(100 BYTE), 
	"NITCLIENTE" VARCHAR2(30 BYTE), 
	"TCLIENTE" LONG
   ) SEGMENT CREATION IMMEDIATE 
  PCTFREE 10 PCTUSED 40 INITRANS 1 MAXTRANS 255 NOCOMPRESS LOGGING
  STORAGE(INITIAL 65536 NEXT 1048576 MINEXTENTS 1 MAXEXTENTS 2147483645
  PCTINCREASE 0 FREELISTS 1 FREELIST GROUPS 1 BUFFER_POOL DEFAULT FLASH_CACHE DEFAULT CELL_FLASH_CACHE DEFAULT)
  TABLESPACE "SYSTEM" ;
--------------------------------------------------------
--  DDL for Table CONTRATO
--------------------------------------------------------

  CREATE TABLE "UMG2020"."CONTRATO" 
   (	"CCONTRATO" NUMBER, 
	"CCLIENTE" NUMBER, 
	"CFACTURA" NUMBER, 
	"FECHAINICIAL" DATE, 
	"CUOTAS" NUMBER, 
	"CUOTASPAGADAS" NUMBER, 
	"CUOTASRESTANTES" NUMBER, 
	"MCUOTA" BINARY_DOUBLE, 
	"SALDO" BINARY_DOUBLE
   ) SEGMENT CREATION IMMEDIATE 
  PCTFREE 10 PCTUSED 40 INITRANS 1 MAXTRANS 255 NOCOMPRESS LOGGING
  STORAGE(INITIAL 65536 NEXT 1048576 MINEXTENTS 1 MAXEXTENTS 2147483645
  PCTINCREASE 0 FREELISTS 1 FREELIST GROUPS 1 BUFFER_POOL DEFAULT FLASH_CACHE DEFAULT CELL_FLASH_CACHE DEFAULT)
  TABLESPACE "SYSTEM" ;
--------------------------------------------------------
--  DDL for Table FACTURA
--------------------------------------------------------

  CREATE TABLE "UMG2020"."FACTURA" 
   (	"CFACTURA" NUMBER, 
	"FECHA" DATE, 
	"CCLIENTE" NUMBER, 
	"NOMBRE" VARCHAR2(100 BYTE), 
	"DIRECCION" VARCHAR2(100 BYTE), 
	"NITCLIENTE" VARCHAR2(30 BYTE), 
	"CPRODUCTO" NUMBER, 
	"NPRODUCTO" VARCHAR2(100 BYTE), 
	"PPRODUCTO" BINARY_DOUBLE, 
	"CUOTAS" NUMBER, 
	"MCUOTAS" BINARY_DOUBLE
   ) SEGMENT CREATION IMMEDIATE 
  PCTFREE 10 PCTUSED 40 INITRANS 1 MAXTRANS 255 NOCOMPRESS LOGGING
  STORAGE(INITIAL 65536 NEXT 1048576 MINEXTENTS 1 MAXEXTENTS 2147483645
  PCTINCREASE 0 FREELISTS 1 FREELIST GROUPS 1 BUFFER_POOL DEFAULT FLASH_CACHE DEFAULT CELL_FLASH_CACHE DEFAULT)
  TABLESPACE "SYSTEM" ;
--------------------------------------------------------
--  DDL for Table FECHASPAGO
--------------------------------------------------------

  CREATE TABLE "UMG2020"."FECHASPAGO" 
   (	"CCONTRATO" NUMBER, 
	"FECHA1" DATE, 
	"FECHA2" DATE, 
	"FECHA3" DATE, 
	"FECHA4" DATE, 
	"FECHA5" DATE, 
	"FECHA6" DATE, 
	"FECHA7" DATE, 
	"FECHA8" DATE, 
	"FECHA9" DATE, 
	"COLUMN4" DATE, 
	"COLUMN5" DATE, 
	"COLUMN6" DATE
   ) SEGMENT CREATION IMMEDIATE 
  PCTFREE 10 PCTUSED 40 INITRANS 1 MAXTRANS 255 NOCOMPRESS LOGGING
  STORAGE(INITIAL 65536 NEXT 1048576 MINEXTENTS 1 MAXEXTENTS 2147483645
  PCTINCREASE 0 FREELISTS 1 FREELIST GROUPS 1 BUFFER_POOL DEFAULT FLASH_CACHE DEFAULT CELL_FLASH_CACHE DEFAULT)
  TABLESPACE "SYSTEM" ;
--------------------------------------------------------
--  DDL for Table PRODUCTO
--------------------------------------------------------

  CREATE TABLE "UMG2020"."PRODUCTO" 
   (	"CPRODUCTO" NUMBER, 
	"NPRODUCTO" VARCHAR2(100 BYTE), 
	"PPRODUCTO" BINARY_DOUBLE
   ) SEGMENT CREATION IMMEDIATE 
  PCTFREE 10 PCTUSED 40 INITRANS 1 MAXTRANS 255 NOCOMPRESS LOGGING
  STORAGE(INITIAL 65536 NEXT 1048576 MINEXTENTS 1 MAXEXTENTS 2147483645
  PCTINCREASE 0 FREELISTS 1 FREELIST GROUPS 1 BUFFER_POOL DEFAULT FLASH_CACHE DEFAULT CELL_FLASH_CACHE DEFAULT)
  TABLESPACE "SYSTEM" ;
--------------------------------------------------------
--  DDL for Table STOCK
--------------------------------------------------------

  CREATE TABLE "UMG2020"."STOCK" 
   (	"CPRODUCTO" NUMBER, 
	"CANTIDAD_STOCK" NUMBER
   ) SEGMENT CREATION IMMEDIATE 
  PCTFREE 10 PCTUSED 40 INITRANS 1 MAXTRANS 255 NOCOMPRESS LOGGING
  STORAGE(INITIAL 65536 NEXT 1048576 MINEXTENTS 1 MAXEXTENTS 2147483645
  PCTINCREASE 0 FREELISTS 1 FREELIST GROUPS 1 BUFFER_POOL DEFAULT FLASH_CACHE DEFAULT CELL_FLASH_CACHE DEFAULT)
  TABLESPACE "SYSTEM" ;
REM INSERTING into UMG2020.CLIENTES
SET DEFINE OFF;
Insert into UMG2020.CLIENTES (CCLIENTE,NCLIENTE,ACLIENTE,DCLIENTE,NITCLIENTE,TCLIENTE) values (1,'Edgar','Ajset','Siquinala','47855-K','45784512');
Insert into UMG2020.CLIENTES (CCLIENTE,NCLIENTE,ACLIENTE,DCLIENTE,NITCLIENTE,TCLIENTE) values (21,'Martha','Perez','4ta Calle 6-21 Zona1 Guatemala','4755-M','74851200');
Insert into UMG2020.CLIENTES (CCLIENTE,NCLIENTE,ACLIENTE,DCLIENTE,NITCLIENTE,TCLIENTE) values (22,'Sofia','Rodriguez','Casa 26 Sur Zona 2 - Antigua Guatemala','7455-MS','41520100');
Insert into UMG2020.CLIENTES (CCLIENTE,NCLIENTE,ACLIENTE,DCLIENTE,NITCLIENTE,TCLIENTE) values (23,'Lucrecia','Morales','Ciudad Capital','5555-L','41520021');
Insert into UMG2020.CLIENTES (CCLIENTE,NCLIENTE,ACLIENTE,DCLIENTE,NITCLIENTE,TCLIENTE) values (41,'Rigoberto','Oliva','6ta av. 6-21 El Progreso','545454-S','47521245');
Insert into UMG2020.CLIENTES (CCLIENTE,NCLIENTE,ACLIENTE,DCLIENTE,NITCLIENTE,TCLIENTE) values (61,'Jorge ','Medina','Ciudad Capital','5454-S','22541200');
REM INSERTING into UMG2020.CONTRATO
SET DEFINE OFF;
Insert into UMG2020.CONTRATO (CCONTRATO,CCLIENTE,CFACTURA,FECHAINICIAL,CUOTAS,CUOTASPAGADAS,CUOTASRESTANTES,MCUOTA,SALDO) values (4,1,4,to_date('08/11/20','DD/MM/RR'),12,0,12,'375.0','4500.0');
Insert into UMG2020.CONTRATO (CCONTRATO,CCLIENTE,CFACTURA,FECHAINICIAL,CUOTAS,CUOTASPAGADAS,CUOTASRESTANTES,MCUOTA,SALDO) values (5,1,5,to_date('08/11/20','DD/MM/RR'),3,0,3,'500.0','1500.0');
Insert into UMG2020.CONTRATO (CCONTRATO,CCLIENTE,CFACTURA,FECHAINICIAL,CUOTAS,CUOTASPAGADAS,CUOTASRESTANTES,MCUOTA,SALDO) values (6,22,6,to_date('08/11/20','DD/MM/RR'),6,0,6,'900.0','5400.0');
Insert into UMG2020.CONTRATO (CCONTRATO,CCLIENTE,CFACTURA,FECHAINICIAL,CUOTAS,CUOTASPAGADAS,CUOTASRESTANTES,MCUOTA,SALDO) values (7,22,7,to_date('08/11/20','DD/MM/RR'),10,0,10,'540.0','5400.0');
Insert into UMG2020.CONTRATO (CCONTRATO,CCLIENTE,CFACTURA,FECHAINICIAL,CUOTAS,CUOTASPAGADAS,CUOTASRESTANTES,MCUOTA,SALDO) values (2,61,2,to_date('08/11/20','DD/MM/RR'),10,0,10,'150.0','1500.0');
Insert into UMG2020.CONTRATO (CCONTRATO,CCLIENTE,CFACTURA,FECHAINICIAL,CUOTAS,CUOTASPAGADAS,CUOTASRESTANTES,MCUOTA,SALDO) values (3,61,3,to_date('08/11/20','DD/MM/RR'),6,0,6,'750.0','4500.0');
REM INSERTING into UMG2020.FACTURA
SET DEFINE OFF;
Insert into UMG2020.FACTURA (CFACTURA,FECHA,CCLIENTE,NOMBRE,DIRECCION,NITCLIENTE,CPRODUCTO,NPRODUCTO,PPRODUCTO,CUOTAS,MCUOTAS) values (4,to_date('08/11/20','DD/MM/RR'),1,'Edgar Ajset','Siquinala','47855-K',21,'Refrigerador Mabe MB745','4500.0',12,'375.0');
Insert into UMG2020.FACTURA (CFACTURA,FECHA,CCLIENTE,NOMBRE,DIRECCION,NITCLIENTE,CPRODUCTO,NPRODUCTO,PPRODUCTO,CUOTAS,MCUOTAS) values (5,to_date('08/11/20','DD/MM/RR'),1,'Edgar Ajset','Siquinala','47855-K',3,'MESA','1500.0',3,'500.0');
Insert into UMG2020.FACTURA (CFACTURA,FECHA,CCLIENTE,NOMBRE,DIRECCION,NITCLIENTE,CPRODUCTO,NPRODUCTO,PPRODUCTO,CUOTAS,MCUOTAS) values (6,to_date('08/11/20','DD/MM/RR'),22,'Sofia Rodriguez','Casa 26 Sur Zona 2 - Antigua Guatemala','7455-MS',23,'Amueblado Roble','5400.0',6,'900.0');
Insert into UMG2020.FACTURA (CFACTURA,FECHA,CCLIENTE,NOMBRE,DIRECCION,NITCLIENTE,CPRODUCTO,NPRODUCTO,PPRODUCTO,CUOTAS,MCUOTAS) values (7,to_date('08/11/20','DD/MM/RR'),22,'Sofia Rodriguez','Casa 26 Sur Zona 2 - Antigua Guatemala','7455-MS',23,'Amueblado Roble','5400.0',10,'540.0');
Insert into UMG2020.FACTURA (CFACTURA,FECHA,CCLIENTE,NOMBRE,DIRECCION,NITCLIENTE,CPRODUCTO,NPRODUCTO,PPRODUCTO,CUOTAS,MCUOTAS) values (2,to_date('08/11/20','DD/MM/RR'),61,'Jorge  Medina','Ciudad Capital','5454-S',3,'MESA','1500.0',10,'150.0');
Insert into UMG2020.FACTURA (CFACTURA,FECHA,CCLIENTE,NOMBRE,DIRECCION,NITCLIENTE,CPRODUCTO,NPRODUCTO,PPRODUCTO,CUOTAS,MCUOTAS) values (3,to_date('08/11/20','DD/MM/RR'),61,'Jorge  Medina','Ciudad Capital','5454-S',21,'Refrigerador Mabe MB745','4500.0',6,'750.0');
REM INSERTING into UMG2020.FECHASPAGO
SET DEFINE OFF;
Insert into UMG2020.FECHASPAGO (CCONTRATO,FECHA1,FECHA2,FECHA3,FECHA4,FECHA5,FECHA6,FECHA7,FECHA8,FECHA9,COLUMN4,COLUMN5,COLUMN6) values (4,to_date('08/12/20','DD/MM/RR'),to_date('08/01/21','DD/MM/RR'),to_date('08/02/21','DD/MM/RR'),to_date('08/03/21','DD/MM/RR'),to_date('08/04/21','DD/MM/RR'),to_date('08/05/21','DD/MM/RR'),to_date('08/06/21','DD/MM/RR'),to_date('08/07/21','DD/MM/RR'),to_date('08/08/21','DD/MM/RR'),to_date('08/09/21','DD/MM/RR'),to_date('08/10/21','DD/MM/RR'),to_date('08/11/21','DD/MM/RR'));
Insert into UMG2020.FECHASPAGO (CCONTRATO,FECHA1,FECHA2,FECHA3,FECHA4,FECHA5,FECHA6,FECHA7,FECHA8,FECHA9,COLUMN4,COLUMN5,COLUMN6) values (5,to_date('08/12/20','DD/MM/RR'),to_date('08/01/21','DD/MM/RR'),to_date('08/02/21','DD/MM/RR'),null,null,null,null,null,null,null,null,null);
Insert into UMG2020.FECHASPAGO (CCONTRATO,FECHA1,FECHA2,FECHA3,FECHA4,FECHA5,FECHA6,FECHA7,FECHA8,FECHA9,COLUMN4,COLUMN5,COLUMN6) values (6,to_date('08/12/20','DD/MM/RR'),to_date('08/01/21','DD/MM/RR'),to_date('08/02/21','DD/MM/RR'),to_date('08/03/21','DD/MM/RR'),to_date('08/04/21','DD/MM/RR'),to_date('08/05/21','DD/MM/RR'),null,null,null,null,null,null);
Insert into UMG2020.FECHASPAGO (CCONTRATO,FECHA1,FECHA2,FECHA3,FECHA4,FECHA5,FECHA6,FECHA7,FECHA8,FECHA9,COLUMN4,COLUMN5,COLUMN6) values (7,to_date('08/12/20','DD/MM/RR'),to_date('08/01/21','DD/MM/RR'),to_date('08/02/21','DD/MM/RR'),to_date('08/03/21','DD/MM/RR'),to_date('08/04/21','DD/MM/RR'),to_date('08/05/21','DD/MM/RR'),to_date('08/06/21','DD/MM/RR'),to_date('08/07/21','DD/MM/RR'),to_date('08/08/21','DD/MM/RR'),to_date('08/09/21','DD/MM/RR'),null,null);
Insert into UMG2020.FECHASPAGO (CCONTRATO,FECHA1,FECHA2,FECHA3,FECHA4,FECHA5,FECHA6,FECHA7,FECHA8,FECHA9,COLUMN4,COLUMN5,COLUMN6) values (2,to_date('08/12/20','DD/MM/RR'),to_date('08/01/21','DD/MM/RR'),to_date('08/02/21','DD/MM/RR'),to_date('08/03/21','DD/MM/RR'),to_date('08/04/21','DD/MM/RR'),to_date('08/05/21','DD/MM/RR'),to_date('08/06/21','DD/MM/RR'),to_date('08/07/21','DD/MM/RR'),to_date('08/08/21','DD/MM/RR'),to_date('08/09/21','DD/MM/RR'),null,null);
Insert into UMG2020.FECHASPAGO (CCONTRATO,FECHA1,FECHA2,FECHA3,FECHA4,FECHA5,FECHA6,FECHA7,FECHA8,FECHA9,COLUMN4,COLUMN5,COLUMN6) values (3,to_date('08/12/20','DD/MM/RR'),to_date('08/01/21','DD/MM/RR'),to_date('08/02/21','DD/MM/RR'),to_date('08/03/21','DD/MM/RR'),to_date('08/04/21','DD/MM/RR'),to_date('08/05/21','DD/MM/RR'),null,null,null,null,null,null);
REM INSERTING into UMG2020.PRODUCTO
SET DEFINE OFF;
Insert into UMG2020.PRODUCTO (CPRODUCTO,NPRODUCTO,PPRODUCTO) values (3,'MESA','1500.0');
Insert into UMG2020.PRODUCTO (CPRODUCTO,NPRODUCTO,PPRODUCTO) values (21,'Refrigerador Mabe MB745','4500.0');
Insert into UMG2020.PRODUCTO (CPRODUCTO,NPRODUCTO,PPRODUCTO) values (22,'Estufa 4 Ornillas DS44','3222.79');
Insert into UMG2020.PRODUCTO (CPRODUCTO,NPRODUCTO,PPRODUCTO) values (23,'Amueblado Roble','5400.0');
Insert into UMG2020.PRODUCTO (CPRODUCTO,NPRODUCTO,PPRODUCTO) values (24,'Motocicleta RX250','12720.0');
Insert into UMG2020.PRODUCTO (CPRODUCTO,NPRODUCTO,PPRODUCTO) values (41,'Ropero Doble Cuerpo','2700.0');
Insert into UMG2020.PRODUCTO (CPRODUCTO,NPRODUCTO,PPRODUCTO) values (61,'Lavadora 6KG MABE','4200.0');
REM INSERTING into UMG2020.STOCK
SET DEFINE OFF;
Insert into UMG2020.STOCK (CPRODUCTO,CANTIDAD_STOCK) values (3,9);
Insert into UMG2020.STOCK (CPRODUCTO,CANTIDAD_STOCK) values (21,8);
Insert into UMG2020.STOCK (CPRODUCTO,CANTIDAD_STOCK) values (22,12);
Insert into UMG2020.STOCK (CPRODUCTO,CANTIDAD_STOCK) values (23,5);
Insert into UMG2020.STOCK (CPRODUCTO,CANTIDAD_STOCK) values (24,12);
Insert into UMG2020.STOCK (CPRODUCTO,CANTIDAD_STOCK) values (41,8);
Insert into UMG2020.STOCK (CPRODUCTO,CANTIDAD_STOCK) values (61,8);
--------------------------------------------------------
--  DDL for Index CLIENTE_PK
--------------------------------------------------------

  CREATE UNIQUE INDEX "UMG2020"."CLIENTE_PK" ON "UMG2020"."CLIENTES" ("CCLIENTE") 
  PCTFREE 10 INITRANS 2 MAXTRANS 255 COMPUTE STATISTICS 
  STORAGE(INITIAL 65536 NEXT 1048576 MINEXTENTS 1 MAXEXTENTS 2147483645
  PCTINCREASE 0 FREELISTS 1 FREELIST GROUPS 1 BUFFER_POOL DEFAULT FLASH_CACHE DEFAULT CELL_FLASH_CACHE DEFAULT)
  TABLESPACE "SYSTEM" ;
--------------------------------------------------------
--  DDL for Index CONTRATO_PK
--------------------------------------------------------

  CREATE UNIQUE INDEX "UMG2020"."CONTRATO_PK" ON "UMG2020"."CONTRATO" ("CCONTRATO") 
  PCTFREE 10 INITRANS 2 MAXTRANS 255 COMPUTE STATISTICS 
  STORAGE(INITIAL 65536 NEXT 1048576 MINEXTENTS 1 MAXEXTENTS 2147483645
  PCTINCREASE 0 FREELISTS 1 FREELIST GROUPS 1 BUFFER_POOL DEFAULT FLASH_CACHE DEFAULT CELL_FLASH_CACHE DEFAULT)
  TABLESPACE "SYSTEM" ;
--------------------------------------------------------
--  DDL for Index FACTURA_PK
--------------------------------------------------------

  CREATE UNIQUE INDEX "UMG2020"."FACTURA_PK" ON "UMG2020"."FACTURA" ("CFACTURA") 
  PCTFREE 10 INITRANS 2 MAXTRANS 255 COMPUTE STATISTICS 
  STORAGE(INITIAL 65536 NEXT 1048576 MINEXTENTS 1 MAXEXTENTS 2147483645
  PCTINCREASE 0 FREELISTS 1 FREELIST GROUPS 1 BUFFER_POOL DEFAULT FLASH_CACHE DEFAULT CELL_FLASH_CACHE DEFAULT)
  TABLESPACE "SYSTEM" ;
--------------------------------------------------------
--  DDL for Index PRODUCTO_PK
--------------------------------------------------------

  CREATE UNIQUE INDEX "UMG2020"."PRODUCTO_PK" ON "UMG2020"."PRODUCTO" ("CPRODUCTO") 
  PCTFREE 10 INITRANS 2 MAXTRANS 255 COMPUTE STATISTICS 
  STORAGE(INITIAL 65536 NEXT 1048576 MINEXTENTS 1 MAXEXTENTS 2147483645
  PCTINCREASE 0 FREELISTS 1 FREELIST GROUPS 1 BUFFER_POOL DEFAULT FLASH_CACHE DEFAULT CELL_FLASH_CACHE DEFAULT)
  TABLESPACE "SYSTEM" ;
--------------------------------------------------------
--  DDL for Index CLIENTE_PK
--------------------------------------------------------

  CREATE UNIQUE INDEX "UMG2020"."CLIENTE_PK" ON "UMG2020"."CLIENTES" ("CCLIENTE") 
  PCTFREE 10 INITRANS 2 MAXTRANS 255 COMPUTE STATISTICS 
  STORAGE(INITIAL 65536 NEXT 1048576 MINEXTENTS 1 MAXEXTENTS 2147483645
  PCTINCREASE 0 FREELISTS 1 FREELIST GROUPS 1 BUFFER_POOL DEFAULT FLASH_CACHE DEFAULT CELL_FLASH_CACHE DEFAULT)
  TABLESPACE "SYSTEM" ;
--------------------------------------------------------
--  DDL for Index CONTRATO_PK
--------------------------------------------------------

  CREATE UNIQUE INDEX "UMG2020"."CONTRATO_PK" ON "UMG2020"."CONTRATO" ("CCONTRATO") 
  PCTFREE 10 INITRANS 2 MAXTRANS 255 COMPUTE STATISTICS 
  STORAGE(INITIAL 65536 NEXT 1048576 MINEXTENTS 1 MAXEXTENTS 2147483645
  PCTINCREASE 0 FREELISTS 1 FREELIST GROUPS 1 BUFFER_POOL DEFAULT FLASH_CACHE DEFAULT CELL_FLASH_CACHE DEFAULT)
  TABLESPACE "SYSTEM" ;
--------------------------------------------------------
--  DDL for Index FACTURA_PK
--------------------------------------------------------

  CREATE UNIQUE INDEX "UMG2020"."FACTURA_PK" ON "UMG2020"."FACTURA" ("CFACTURA") 
  PCTFREE 10 INITRANS 2 MAXTRANS 255 COMPUTE STATISTICS 
  STORAGE(INITIAL 65536 NEXT 1048576 MINEXTENTS 1 MAXEXTENTS 2147483645
  PCTINCREASE 0 FREELISTS 1 FREELIST GROUPS 1 BUFFER_POOL DEFAULT FLASH_CACHE DEFAULT CELL_FLASH_CACHE DEFAULT)
  TABLESPACE "SYSTEM" ;
--------------------------------------------------------
--  DDL for Index PRODUCTO_PK
--------------------------------------------------------

  CREATE UNIQUE INDEX "UMG2020"."PRODUCTO_PK" ON "UMG2020"."PRODUCTO" ("CPRODUCTO") 
  PCTFREE 10 INITRANS 2 MAXTRANS 255 COMPUTE STATISTICS 
  STORAGE(INITIAL 65536 NEXT 1048576 MINEXTENTS 1 MAXEXTENTS 2147483645
  PCTINCREASE 0 FREELISTS 1 FREELIST GROUPS 1 BUFFER_POOL DEFAULT FLASH_CACHE DEFAULT CELL_FLASH_CACHE DEFAULT)
  TABLESPACE "SYSTEM" ;
--------------------------------------------------------
--  DDL for Trigger CLIENTES_TRG
--------------------------------------------------------

  CREATE OR REPLACE TRIGGER "UMG2020"."CLIENTES_TRG" 
BEFORE INSERT ON UMG2020.CLIENTES 
FOR EACH ROW 
BEGIN
  <<COLUMN_SEQUENCES>>
  BEGIN
    IF INSERTING AND :NEW.CCLIENTE IS NULL THEN
      SELECT CLIENTES_SEQ1.NEXTVAL INTO :NEW.CCLIENTE FROM SYS.DUAL;
    END IF;
  END COLUMN_SEQUENCES;
END;



/
ALTER TRIGGER "UMG2020"."CLIENTES_TRG" ENABLE;
--------------------------------------------------------
--  DDL for Trigger CONTRATO_TRG
--------------------------------------------------------

  CREATE OR REPLACE TRIGGER "UMG2020"."CONTRATO_TRG" 
BEFORE INSERT ON UMG2020.CONTRATO 
FOR EACH ROW 
BEGIN
  <<COLUMN_SEQUENCES>>
  BEGIN
    IF INSERTING AND :NEW.CCONTRATO IS NULL THEN
      SELECT CONTRATO_SEQ5.NEXTVAL INTO :NEW.CCONTRATO FROM SYS.DUAL;
    END IF;
  END COLUMN_SEQUENCES;
END;

/
ALTER TRIGGER "UMG2020"."CONTRATO_TRG" ENABLE;
--------------------------------------------------------
--  DDL for Trigger FACTURA_TRG
--------------------------------------------------------

  CREATE OR REPLACE TRIGGER "UMG2020"."FACTURA_TRG" 
BEFORE INSERT ON UMG2020.FACTURA 
FOR EACH ROW 
BEGIN
  <<COLUMN_SEQUENCES>>
  BEGIN
    IF INSERTING AND :NEW.CFACTURA IS NULL THEN
      SELECT FACTURA_SEQ3.NEXTVAL INTO :NEW.CFACTURA FROM SYS.DUAL;
    END IF;
  END COLUMN_SEQUENCES;
END;

/
ALTER TRIGGER "UMG2020"."FACTURA_TRG" ENABLE;
--------------------------------------------------------
--  DDL for Trigger PRODUCTO_TRG
--------------------------------------------------------

  CREATE OR REPLACE TRIGGER "UMG2020"."PRODUCTO_TRG" 
BEFORE INSERT ON UMG2020.PRODUCTO 
FOR EACH ROW 
BEGIN
  <<COLUMN_SEQUENCES>>
  BEGIN
    IF INSERTING AND :NEW.CPRODUCTO IS NULL THEN
      SELECT PRODUCTO_SEQ.NEXTVAL INTO :NEW.CPRODUCTO FROM SYS.DUAL;
    END IF;
  END COLUMN_SEQUENCES;
END;



/
ALTER TRIGGER "UMG2020"."PRODUCTO_TRG" ENABLE;
--------------------------------------------------------
--  DDL for Trigger CLIENTES_TRG
--------------------------------------------------------

  CREATE OR REPLACE TRIGGER "UMG2020"."CLIENTES_TRG" 
BEFORE INSERT ON UMG2020.CLIENTES 
FOR EACH ROW 
BEGIN
  <<COLUMN_SEQUENCES>>
  BEGIN
    IF INSERTING AND :NEW.CCLIENTE IS NULL THEN
      SELECT CLIENTES_SEQ1.NEXTVAL INTO :NEW.CCLIENTE FROM SYS.DUAL;
    END IF;
  END COLUMN_SEQUENCES;
END;



/
ALTER TRIGGER "UMG2020"."CLIENTES_TRG" ENABLE;
--------------------------------------------------------
--  DDL for Trigger CONTRATO_TRG
--------------------------------------------------------

  CREATE OR REPLACE TRIGGER "UMG2020"."CONTRATO_TRG" 
BEFORE INSERT ON UMG2020.CONTRATO 
FOR EACH ROW 
BEGIN
  <<COLUMN_SEQUENCES>>
  BEGIN
    IF INSERTING AND :NEW.CCONTRATO IS NULL THEN
      SELECT CONTRATO_SEQ5.NEXTVAL INTO :NEW.CCONTRATO FROM SYS.DUAL;
    END IF;
  END COLUMN_SEQUENCES;
END;

/
ALTER TRIGGER "UMG2020"."CONTRATO_TRG" ENABLE;
--------------------------------------------------------
--  DDL for Trigger FACTURA_TRG
--------------------------------------------------------

  CREATE OR REPLACE TRIGGER "UMG2020"."FACTURA_TRG" 
BEFORE INSERT ON UMG2020.FACTURA 
FOR EACH ROW 
BEGIN
  <<COLUMN_SEQUENCES>>
  BEGIN
    IF INSERTING AND :NEW.CFACTURA IS NULL THEN
      SELECT FACTURA_SEQ3.NEXTVAL INTO :NEW.CFACTURA FROM SYS.DUAL;
    END IF;
  END COLUMN_SEQUENCES;
END;

/
ALTER TRIGGER "UMG2020"."FACTURA_TRG" ENABLE;
--------------------------------------------------------
--  DDL for Trigger PRODUCTO_TRG
--------------------------------------------------------

  CREATE OR REPLACE TRIGGER "UMG2020"."PRODUCTO_TRG" 
BEFORE INSERT ON UMG2020.PRODUCTO 
FOR EACH ROW 
BEGIN
  <<COLUMN_SEQUENCES>>
  BEGIN
    IF INSERTING AND :NEW.CPRODUCTO IS NULL THEN
      SELECT PRODUCTO_SEQ.NEXTVAL INTO :NEW.CPRODUCTO FROM SYS.DUAL;
    END IF;
  END COLUMN_SEQUENCES;
END;



/
ALTER TRIGGER "UMG2020"."PRODUCTO_TRG" ENABLE;
--------------------------------------------------------
--  Constraints for Table CLIENTES
--------------------------------------------------------

  ALTER TABLE "UMG2020"."CLIENTES" MODIFY ("CCLIENTE" NOT NULL ENABLE);
  ALTER TABLE "UMG2020"."CLIENTES" MODIFY ("NCLIENTE" NOT NULL ENABLE);
  ALTER TABLE "UMG2020"."CLIENTES" MODIFY ("ACLIENTE" NOT NULL ENABLE);
  ALTER TABLE "UMG2020"."CLIENTES" MODIFY ("DCLIENTE" NOT NULL ENABLE);
  ALTER TABLE "UMG2020"."CLIENTES" MODIFY ("NITCLIENTE" NOT NULL ENABLE);
  ALTER TABLE "UMG2020"."CLIENTES" MODIFY ("TCLIENTE" NOT NULL ENABLE);
  ALTER TABLE "UMG2020"."CLIENTES" ADD CONSTRAINT "CLIENTE_PK" PRIMARY KEY ("CCLIENTE")
  USING INDEX PCTFREE 10 INITRANS 2 MAXTRANS 255 COMPUTE STATISTICS 
  STORAGE(INITIAL 65536 NEXT 1048576 MINEXTENTS 1 MAXEXTENTS 2147483645
  PCTINCREASE 0 FREELISTS 1 FREELIST GROUPS 1 BUFFER_POOL DEFAULT FLASH_CACHE DEFAULT CELL_FLASH_CACHE DEFAULT)
  TABLESPACE "SYSTEM"  ENABLE;
--------------------------------------------------------
--  Constraints for Table CONTRATO
--------------------------------------------------------

  ALTER TABLE "UMG2020"."CONTRATO" ADD CONSTRAINT "CONTRATO_PK" PRIMARY KEY ("CCONTRATO")
  USING INDEX PCTFREE 10 INITRANS 2 MAXTRANS 255 COMPUTE STATISTICS 
  STORAGE(INITIAL 65536 NEXT 1048576 MINEXTENTS 1 MAXEXTENTS 2147483645
  PCTINCREASE 0 FREELISTS 1 FREELIST GROUPS 1 BUFFER_POOL DEFAULT FLASH_CACHE DEFAULT CELL_FLASH_CACHE DEFAULT)
  TABLESPACE "SYSTEM"  ENABLE;
  ALTER TABLE "UMG2020"."CONTRATO" MODIFY ("SALDO" NOT NULL ENABLE);
  ALTER TABLE "UMG2020"."CONTRATO" MODIFY ("MCUOTA" NOT NULL ENABLE);
  ALTER TABLE "UMG2020"."CONTRATO" MODIFY ("CUOTASRESTANTES" NOT NULL ENABLE);
  ALTER TABLE "UMG2020"."CONTRATO" MODIFY ("CUOTASPAGADAS" NOT NULL ENABLE);
  ALTER TABLE "UMG2020"."CONTRATO" MODIFY ("CUOTAS" NOT NULL ENABLE);
  ALTER TABLE "UMG2020"."CONTRATO" MODIFY ("FECHAINICIAL" NOT NULL ENABLE);
  ALTER TABLE "UMG2020"."CONTRATO" MODIFY ("CFACTURA" NOT NULL ENABLE);
  ALTER TABLE "UMG2020"."CONTRATO" MODIFY ("CCLIENTE" NOT NULL ENABLE);
  ALTER TABLE "UMG2020"."CONTRATO" MODIFY ("CCONTRATO" NOT NULL ENABLE);
--------------------------------------------------------
--  Constraints for Table FACTURA
--------------------------------------------------------

  ALTER TABLE "UMG2020"."FACTURA" MODIFY ("PPRODUCTO" NOT NULL ENABLE);
  ALTER TABLE "UMG2020"."FACTURA" MODIFY ("MCUOTAS" NOT NULL ENABLE);
  ALTER TABLE "UMG2020"."FACTURA" MODIFY ("CUOTAS" NOT NULL ENABLE);
  ALTER TABLE "UMG2020"."FACTURA" MODIFY ("NOMBRE" NOT NULL ENABLE);
  ALTER TABLE "UMG2020"."FACTURA" MODIFY ("NPRODUCTO" NOT NULL ENABLE);
  ALTER TABLE "UMG2020"."FACTURA" MODIFY ("CPRODUCTO" NOT NULL ENABLE);
  ALTER TABLE "UMG2020"."FACTURA" MODIFY ("NITCLIENTE" NOT NULL ENABLE);
  ALTER TABLE "UMG2020"."FACTURA" MODIFY ("DIRECCION" NOT NULL ENABLE);
  ALTER TABLE "UMG2020"."FACTURA" ADD CONSTRAINT "FACTURA_PK" PRIMARY KEY ("CFACTURA")
  USING INDEX PCTFREE 10 INITRANS 2 MAXTRANS 255 COMPUTE STATISTICS 
  STORAGE(INITIAL 65536 NEXT 1048576 MINEXTENTS 1 MAXEXTENTS 2147483645
  PCTINCREASE 0 FREELISTS 1 FREELIST GROUPS 1 BUFFER_POOL DEFAULT FLASH_CACHE DEFAULT CELL_FLASH_CACHE DEFAULT)
  TABLESPACE "SYSTEM"  ENABLE;
  ALTER TABLE "UMG2020"."FACTURA" MODIFY ("CCLIENTE" NOT NULL ENABLE);
  ALTER TABLE "UMG2020"."FACTURA" MODIFY ("FECHA" NOT NULL ENABLE);
  ALTER TABLE "UMG2020"."FACTURA" MODIFY ("CFACTURA" NOT NULL ENABLE);
--------------------------------------------------------
--  Constraints for Table FECHASPAGO
--------------------------------------------------------

  ALTER TABLE "UMG2020"."FECHASPAGO" MODIFY ("CCONTRATO" NOT NULL ENABLE);
--------------------------------------------------------
--  Constraints for Table PRODUCTO
--------------------------------------------------------

  ALTER TABLE "UMG2020"."PRODUCTO" MODIFY ("CPRODUCTO" NOT NULL ENABLE);
  ALTER TABLE "UMG2020"."PRODUCTO" MODIFY ("NPRODUCTO" NOT NULL ENABLE);
  ALTER TABLE "UMG2020"."PRODUCTO" MODIFY ("PPRODUCTO" NOT NULL ENABLE);
  ALTER TABLE "UMG2020"."PRODUCTO" ADD CONSTRAINT "PRODUCTO_PK" PRIMARY KEY ("CPRODUCTO")
  USING INDEX PCTFREE 10 INITRANS 2 MAXTRANS 255 COMPUTE STATISTICS 
  STORAGE(INITIAL 65536 NEXT 1048576 MINEXTENTS 1 MAXEXTENTS 2147483645
  PCTINCREASE 0 FREELISTS 1 FREELIST GROUPS 1 BUFFER_POOL DEFAULT FLASH_CACHE DEFAULT CELL_FLASH_CACHE DEFAULT)
  TABLESPACE "SYSTEM"  ENABLE;
--------------------------------------------------------
--  Constraints for Table STOCK
--------------------------------------------------------

  ALTER TABLE "UMG2020"."STOCK" MODIFY ("CPRODUCTO" NOT NULL ENABLE);
  ALTER TABLE "UMG2020"."STOCK" MODIFY ("CANTIDAD_STOCK" NOT NULL ENABLE);
